City_ID,City,Country,Date,Lat,Lng,Max Temp,Humidity,Cloudiness,Wind Speed
0,Eureka,US,2022-03-03 20:56:43,40.8021,-124.1637,58.68,83,100,11.01
1,Havelock,US,2022-03-03 20:56:44,34.8791,-76.9013,75.96,47,20,13.0
2,Iqaluit,CA,2022-03-03 20:56:44,63.7506,-68.5145,-2.31,77,100,2.3
3,Ushuaia,AR,2022-03-03 20:54:54,-54.8,-68.3,56.86,54,40,6.91
4,Jinka,ET,2022-03-03 20:56:45,5.65,36.65,73.29,32,66,0.63
5,Punta Arenas,CL,2022-03-03 20:55:52,-53.15,-70.9167,55.51,47,75,23.02
6,Upernavik,GL,2022-03-03 20:56:46,72.7868,-56.1549,8.49,89,100,15.21
7,Penzance,GB,2022-03-03 20:56:46,50.1186,-5.5371,45.77,75,100,14.74
8,Sirjan,IR,2022-03-03 20:56:47,29.452,55.6814,56.75,38,86,10.02
9,Busselton,AU,2022-03-03 20:56:47,-33.65,115.3333,52.05,90,1,8.14
10,Jiaojiang,CN,2022-03-03 20:56:47,28.6803,121.4428,55.99,95,100,4.65
11,Maham,IN,2022-03-03 20:56:48,28.9833,76.3,57.29,73,56,7.56
12,Hamilton,US,2022-03-03 20:54:03,39.1834,-84.5333,45.57,54,90,4.0
13,Akyab,MM,2022-03-03 20:56:48,20.15,92.9,68.9,40,3,8.84
14,Takoradi,GH,2022-03-03 20:56:49,4.8845,-1.7554,80.04,84,61,10.4
15,Vaini,TO,2022-03-03 20:56:49,-21.2,-175.2,77.16,100,40,12.66
16,Omsukchan,RU,2022-03-03 20:56:50,62.5333,155.8,-18.65,100,100,4.63
17,Coquimbo,CL,2022-03-03 20:55:55,-29.9533,-71.3436,71.33,64,0,12.66
18,Albany,US,2022-03-03 20:53:37,42.6001,-73.9662,29.44,44,88,5.01
19,Rikitea,PF,2022-03-03 20:56:47,-23.1203,-134.9692,80.04,74,0,19.28
20,Chokurdakh,RU,2022-03-03 20:56:51,70.6333,147.9167,-18.36,100,83,3.53
21,Puerto Ayora,EC,2022-03-03 20:56:51,-0.7393,-90.3518,82.36,73,52,8.63
22,Acapulco,MX,2022-03-03 20:53:37,16.8634,-99.8901,85.32,53,0,11.21
23,Pipri,IN,2022-03-03 20:56:52,19.8,75.5333,76.77,29,19,7.9
24,Shelbyville,US,2022-03-03 20:52:45,35.4834,-86.4603,78.4,27,0,5.75
25,Olafsvik,IS,2022-03-03 20:56:52,64.8945,-23.7142,36.75,82,91,11.21
26,Kodiak,US,2022-03-03 20:56:52,57.79,-152.4072,37.11,74,7,8.03
27,Mataura,NZ,2022-03-03 20:56:53,-46.1927,168.8643,59.49,90,100,2.17
28,Viedma,AR,2022-03-03 20:56:53,-40.8135,-62.9967,84.49,27,95,17.81
29,Puerto Madryn,AR,2022-03-03 20:56:54,-42.7692,-65.0385,87.12,21,62,15.26
30,Butaritari,KI,2022-03-03 20:56:54,3.0707,172.7902,80.85,83,100,15.14
31,Bozuyuk,TR,2022-03-03 20:56:55,39.9078,30.0367,30.49,90,71,4.61
32,Lavrentiya,RU,2022-03-03 20:54:08,65.5833,-171.0,7.66,91,89,7.67
33,Rancho Palos Verdes,US,2022-03-03 20:55:56,33.7445,-118.387,77.67,72,92,8.99
34,Shimsk,RU,2022-03-03 20:56:55,58.212,30.7127,30.56,97,100,4.54
35,Lebu,CL,2022-03-03 20:56:56,-37.6167,-73.65,63.73,76,10,8.5
36,Guerrero Negro,MX,2022-03-03 20:56:56,27.9769,-114.0611,72.99,31,71,8.81
37,Half Moon Bay,US,2022-03-03 20:56:56,37.4636,-122.4286,62.49,83,40,6.91
38,Jamestown,US,2022-03-03 20:55:33,42.097,-79.2353,25.09,52,100,9.22
39,Mar Del Plata,AR,2022-03-03 20:52:56,-38.0023,-57.5575,69.82,85,0,27.0
40,Malindi,KE,2022-03-03 20:56:27,-3.2175,40.1191,77.9,87,97,13.33
41,Chuy,UY,2022-03-03 20:56:57,-33.6971,-53.4616,71.94,60,12,11.16
42,Barrow,US,2022-03-03 20:56:57,71.2906,-156.7887,1.31,99,99,4.54
43,Mbini,GQ,2022-03-03 20:56:58,1.574,9.6134,80.44,83,99,3.56
44,Lasa,IT,2022-03-03 20:56:58,46.6166,10.7002,39.02,93,43,5.44
45,Victoria,HK,2022-03-03 20:56:19,22.2855,114.1577,69.94,89,47,3.0
46,Esso,RU,2022-03-03 20:57:59,55.9333,158.7,18.34,96,100,1.66
47,Goulburn,AU,2022-03-03 20:57:59,-34.75,149.7167,63.59,94,94,8.55
48,Cabo San Lucas,MX,2022-03-03 20:57:06,22.8909,-109.9124,93.51,45,2,7.47
49,Hilo,US,2022-03-03 20:57:47,19.7297,-155.09,76.62,92,9,1.99
50,Bani Walid,LY,2022-03-03 20:57:59,31.7566,13.9942,53.28,59,23,8.32
51,Saskylakh,RU,2022-03-03 20:58:00,71.9167,114.0833,-29.09,100,98,3.31
52,Alakurtti,RU,2022-03-03 20:58:00,66.9672,30.3491,18.05,89,34,7.81
53,Savelugu,GH,2022-03-03 20:58:00,9.6244,-0.8253,94.75,19,7,4.79
54,Ahipara,NZ,2022-03-03 20:58:01,-35.1667,173.1667,68.65,63,37,12.5
55,Bethel,US,2022-03-03 20:58:01,41.3712,-73.414,41.09,43,31,3.0
56,Husavik,IS,2022-03-03 20:58:01,66.0449,-17.3389,33.71,87,100,6.71
57,Kangaatsiaq,GL,2022-03-03 20:58:02,68.3065,-53.4641,5.14,91,100,2.04
58,La Palma,US,2022-03-03 20:58:02,33.8464,-118.0467,80.42,66,81,8.99
59,Souillac,MU,2022-03-03 20:58:02,-20.5167,57.5167,79.18,94,75,11.5
60,Bredasdorp,ZA,2022-03-03 20:58:03,-34.5322,20.0403,63.72,77,37,4.61
61,College,US,2022-03-03 20:58:03,64.8569,-147.8028,29.89,65,62,1.01
62,Dikson,RU,2022-03-03 20:58:03,73.5069,80.5464,-3.46,95,100,10.45
63,Saint George,US,2022-03-03 20:56:08,37.1041,-113.5841,79.27,15,34,3.0
64,Stephenville,US,2022-03-03 20:54:06,32.2207,-98.2023,79.56,25,0,8.05
65,Muisne,EC,2022-03-03 20:58:04,0.6,-80.0333,82.51,85,97,6.49
66,Tasiilaq,GL,2022-03-03 20:58:05,65.6145,-37.6368,26.82,92,100,6.98
67,Pevek,RU,2022-03-03 20:58:05,69.7008,170.3133,-16.4,100,96,0.69
68,Georgetown,MY,2022-03-03 20:57:06,5.4112,100.3354,80.53,93,20,2.3
69,Aksu,CN,2022-03-03 20:58:05,41.1231,80.2644,41.38,34,0,5.03
70,Nanortalik,GL,2022-03-03 20:58:06,60.1432,-45.2371,21.11,64,79,12.73
71,Sao Jose Da Coroa Grande,BR,2022-03-03 20:58:07,-8.8978,-35.1478,81.52,73,25,8.55
72,Lucea,JM,2022-03-03 20:58:07,18.451,-78.1736,84.06,72,24,12.39
73,San Rafael,AR,2022-03-03 20:58:07,-34.6177,-68.3301,89.15,28,0,6.38
74,Serebryanyy Bor,RU,2022-03-03 20:58:08,56.8,124.8,-11.92,100,98,1.99
75,Salinas,US,2022-03-03 20:58:08,36.6777,-121.6555,65.01,58,100,5.77
76,Poum,NC,2022-03-03 20:58:09,-20.2333,164.0167,80.65,73,5,6.46
77,Sakakah,SA,2022-03-03 20:58:09,29.9697,40.2064,58.57,40,89,17.98
78,Loreto,MX,2022-03-03 20:58:10,22.2667,-101.9667,79.27,15,0,2.86
79,Luderitz,NA,2022-03-03 20:58:10,-26.6481,15.1594,65.98,84,0,8.95
80,Nouadhibou,MR,2022-03-03 20:58:10,20.931,-17.0347,67.98,77,0,17.27
81,Atuona,PF,2022-03-03 20:58:11,-9.8,-139.0333,79.12,73,2,20.15
82,Malakal,SS,2022-03-03 20:58:11,9.5334,31.6605,85.12,40,17,4.0
83,Saint-Philippe,RE,2022-03-03 20:58:12,-21.3585,55.7679,78.39,83,34,9.75
84,Garowe,SO,2022-03-03 20:58:12,8.4054,48.4845,68.0,62,97,12.1
85,Sitka,US,2022-03-03 20:58:12,57.0531,-135.33,39.06,74,100,2.21
86,Provideniya,RU,2022-03-03 20:58:13,64.3833,-173.3,15.91,79,100,27.0
87,Correntina,BR,2022-03-03 20:58:13,-13.3433,-44.6367,78.66,70,54,3.6
88,Arraial Do Cabo,BR,2022-03-03 20:58:14,-22.9661,-42.0278,85.96,69,0,13.8
89,Kanlagay,PH,2022-03-03 20:58:14,5.8757,121.2915,80.04,83,96,4.32
90,Burnie,AU,2022-03-03 20:58:14,-41.0667,145.9167,67.91,90,99,13.76
91,Kapaa,US,2022-03-03 20:58:15,22.0752,-159.319,81.48,62,4,1.01
92,Amapa,BR,2022-03-03 20:58:15,1.0,-52.0,77.27,95,78,2.66
93,Pimentel,PE,2022-03-03 20:58:15,-6.8367,-79.9342,80.89,61,0,9.22
94,Bluff,NZ,2022-03-03 20:59:16,-46.6,168.3333,59.81,91,100,7.96
95,Thompson,CA,2022-03-03 20:54:45,55.7435,-97.8558,15.96,38,0,11.5
96,Salalah,OM,2022-03-03 20:59:16,17.0151,54.0924,72.63,73,0,2.26
97,Price,US,2022-03-03 20:55:01,39.5994,-110.8107,60.17,49,100,5.84
98,Balkanabat,TM,2022-03-03 20:59:17,39.5108,54.3671,71.6,27,100,13.73
99,Srednekolymsk,RU,2022-03-03 20:59:17,67.45,153.6833,-27.98,100,100,3.4
100,Boende,CD,2022-03-03 20:59:17,-0.2167,20.8667,70.61,95,100,1.99
101,Qaanaaq,GL,2022-03-03 20:59:18,77.484,-69.3632,6.73,58,0,9.8
102,Mandalgovi,MN,2022-03-03 20:59:18,45.7625,106.2708,9.21,44,2,16.84
103,Kasongo-Lunda,CD,2022-03-03 20:59:19,-6.4667,16.8167,68.88,98,96,1.61
104,Cape Town,ZA,2022-03-03 20:59:19,-33.9258,18.4232,66.27,78,20,8.05
105,Kodinsk,RU,2022-03-03 20:59:20,58.6881,99.1844,-5.71,100,93,2.15
106,Conceicao Da Barra,BR,2022-03-03 20:59:20,-18.5933,-39.7322,78.46,82,38,4.88
107,Yulara,AU,2022-03-03 20:59:21,-25.2406,130.9889,76.84,47,27,10.36
108,Ouadda,CF,2022-03-03 20:59:21,8.0777,22.4007,81.82,34,98,6.02
109,Verkhoyansk,RU,2022-03-03 20:59:21,67.5447,133.385,-17.07,96,100,1.48
110,Komatipoort,ZA,2022-03-03 20:59:22,-25.4332,31.9548,72.05,87,0,2.93
111,Port Elizabeth,ZA,2022-03-03 20:59:00,-33.918,25.5701,69.1,88,0,6.91
112,Aleksandrov Gay,RU,2022-03-03 20:59:22,50.147,48.5704,31.96,91,100,15.75
113,Torbay,CA,2022-03-03 20:59:23,47.6666,-52.7314,29.88,72,100,13.8
114,Codrington,AU,2022-03-03 20:59:23,-38.2667,141.9667,71.04,59,100,6.98
115,North Platte,US,2022-03-03 20:58:59,41.1239,-100.7654,55.71,31,28,12.3
116,Aklavik,CA,2022-03-03 20:59:24,68.2191,-135.0107,9.43,72,75,5.75
117,Hermanus,ZA,2022-03-03 20:59:24,-34.4187,19.2345,64.9,81,100,2.33
118,Sao Filipe,CV,2022-03-03 20:59:24,14.8961,-24.4956,74.86,62,0,15.84
119,East London,ZA,2022-03-03 20:59:25,-33.0153,27.9116,72.52,86,100,3.69
120,Kruisfontein,ZA,2022-03-03 20:59:25,-34.0033,24.7314,66.88,81,100,2.19
121,Agadir,MA,2022-03-03 20:59:26,30.4202,-9.5982,61.25,69,8,4.14
122,Faanui,PF,2022-03-03 20:59:26,-16.4833,-151.75,81.28,76,18,13.78
123,Tuatapere,NZ,2022-03-03 20:59:26,-46.1333,167.6833,59.83,78,100,3.2
124,Stornoway,GB,2022-03-03 20:59:27,58.2093,-6.3865,38.93,90,100,4.61
125,Hobart,AU,2022-03-03 20:54:29,-42.8794,147.3294,62.26,87,100,1.99
126,Xining,CN,2022-03-03 20:59:27,36.6167,101.7667,28.09,69,39,3.13
127,Te Anau,NZ,2022-03-03 20:59:28,-45.4167,167.7167,58.15,78,100,1.19
128,Douglas,US,2022-03-03 20:58:42,41.3,-96.167,51.15,44,0,14.97
129,Dese,ET,2022-03-03 20:59:28,11.1333,39.6333,53.53,45,44,2.46
130,Usak,TR,2022-03-03 20:55:17,38.5,29.4167,27.09,83,47,2.33
131,Lagoa,PT,2022-03-03 20:59:29,39.05,-27.9833,59.4,74,100,14.76
132,La Ronge,CA,2022-03-03 20:59:29,55.1001,-105.2842,12.42,26,0,3.44
133,Ranghulu,CN,2022-03-03 20:59:29,46.65,124.8667,21.15,83,100,12.37
134,Lorengau,PG,2022-03-03 20:59:30,-2.0226,147.2712,81.03,81,78,1.54
135,Fortuna,US,2022-03-03 20:58:36,40.5982,-124.1573,56.48,83,100,17.27
136,Port Alfred,ZA,2022-03-03 20:59:30,-33.5906,26.891,72.0,79,100,4.32
137,Zhigansk,RU,2022-03-03 20:59:31,66.7697,123.3711,-22.02,97,100,5.7
138,Alyangula,AU,2022-03-03 20:59:31,-13.8483,136.4192,78.67,94,40,0.0
139,Porgera,PG,2022-03-03 20:59:31,-5.4667,143.2,43.95,98,100,0.63
140,Ust-Shonosha,RU,2022-03-03 20:59:32,61.1531,41.343,23.11,98,100,2.51
141,Makakilo City,US,2022-03-03 20:59:32,21.3469,-158.0858,79.02,59,1,2.8
142,Maracaju,BR,2022-03-03 20:59:32,-21.6144,-55.1683,81.66,66,97,0.94
143,Komsomolskiy,UZ,2022-03-03 21:00:34,40.4272,71.7189,48.06,40,76,3.2
144,Morropon,PE,2022-03-03 21:00:36,-5.1822,-79.9689,80.2,74,100,0.29
145,Hualmay,PE,2022-03-03 21:00:38,-11.0964,-77.6139,76.1,74,71,7.67
146,Ojinaga,MX,2022-03-03 21:00:39,29.5667,-104.4167,85.57,25,0,4.61
147,Hare Bay,CA,2022-03-03 21:00:41,48.8499,-54.0148,27.19,67,100,5.57
148,Norman Wells,CA,2022-03-03 21:00:44,65.282,-126.8329,10.47,89,55,4.81
149,Najran,SA,2022-03-03 21:00:45,17.4924,44.1277,65.34,23,0,2.26
150,Samarai,PG,2022-03-03 21:00:46,-10.6167,150.6667,82.24,78,72,5.88
151,Bengkulu,ID,2022-03-03 21:00:47,-3.8004,102.2655,73.98,96,100,9.26
152,Sakaiminato,JP,2022-03-03 21:00:48,35.55,133.2333,42.48,61,3,5.61
153,Vestmanna,FO,2022-03-03 21:00:49,62.1564,-7.1664,38.32,87,40,12.66
154,Ribeira Grande,PT,2022-03-03 21:00:50,38.5167,-28.7,61.2,82,75,14.97
155,Vardo,NO,2022-03-03 21:00:51,70.3705,31.1107,24.78,93,100,19.57
156,Meulaboh,ID,2022-03-03 21:00:51,4.1363,96.1285,77.27,87,100,3.6
157,Belyy Yar,RU,2022-03-03 21:00:52,53.6039,91.3903,26.49,67,0,13.42
158,Bambanglipuro,ID,2022-03-03 21:00:52,-7.95,110.2833,77.34,90,95,5.7
159,Beloha,MG,2022-03-03 21:00:53,-25.1667,45.05,75.2,86,3,13.15
160,Kaitangata,NZ,2022-03-03 21:00:54,-46.2817,169.8464,60.31,88,100,3.83
161,Carnarvon,AU,2022-03-03 21:00:54,-24.8667,113.6333,76.64,35,0,21.81
162,Beringovskiy,RU,2022-03-03 21:00:55,63.05,179.3167,6.69,95,100,13.8
163,Zhuhai,CN,2022-03-03 21:00:55,22.2769,113.5678,69.69,94,20,6.91
164,Karakulino,RU,2022-03-03 21:00:56,56.012,53.7067,12.15,98,98,4.07
165,Amahai,ID,2022-03-03 21:00:56,-3.3333,128.9167,78.57,84,99,2.53
166,Nikolskoye,RU,2022-03-03 21:00:57,59.7035,30.7861,33.69,97,90,6.31
167,Ancud,CL,2022-03-03 21:00:57,-41.8697,-73.8203,64.42,57,72,11.99
168,Promyshlennyy,RU,2022-03-03 21:00:58,67.5833,63.9167,-24.41,100,56,5.73
169,Matara,LK,2022-03-03 21:00:58,5.9485,80.5353,78.31,84,72,6.04
170,Ilulissat,GL,2022-03-03 21:00:59,69.2167,-51.1,17.62,73,75,11.5
171,Taltal,CL,2022-03-03 21:00:21,-25.4,-70.4833,69.91,75,88,3.4
172,Mineiros,BR,2022-03-03 21:00:59,-17.5694,-52.5511,74.28,83,74,5.99
173,Nautla,MX,2022-03-03 21:01:00,20.2167,-96.7833,75.18,75,54,14.03
174,Saint Anthony,US,2022-03-03 21:01:01,45.0205,-93.218,27.3,36,100,4.61
175,Avarua,CK,2022-03-03 21:01:01,-21.2078,-159.775,84.25,79,40,8.05
176,Bandarbeyla,SO,2022-03-03 21:01:02,9.4942,50.8122,76.06,67,82,15.46
177,Pacific Grove,US,2022-03-03 21:01:03,36.6177,-121.9166,64.6,76,100,8.01
178,Udachnyy,RU,2022-03-03 21:01:03,66.4167,112.4,-23.51,100,100,1.57
179,Namatanai,PG,2022-03-03 21:01:04,-3.6667,152.4333,80.71,83,100,5.84
180,Muravlenko,RU,2022-03-03 21:01:04,63.7898,74.523,8.4,93,97,21.07
181,Mahebourg,MU,2022-03-03 21:01:05,-20.4081,57.7,78.26,87,26,10.63
182,Virginia Beach,US,2022-03-03 20:57:57,36.8529,-75.978,61.02,62,28,3.0
183,Valparaiso,CL,2022-03-03 21:00:23,-33.0393,-71.6273,71.24,68,20,9.22
184,Westport,US,2022-03-03 21:00:18,41.1415,-73.3579,42.98,34,25,7.0
185,Itacoatiara,BR,2022-03-03 21:01:06,-3.1431,-58.4442,84.58,74,90,1.41
186,Shache,CN,2022-03-03 21:01:06,38.4167,77.2406,42.48,30,16,3.69
187,Barreirinha,BR,2022-03-03 21:01:06,-2.7933,-57.07,82.29,76,98,1.88
188,Loughborough,GB,2022-03-03 20:57:03,52.7667,-1.2,51.19,90,75,6.91
189,Darnah,LY,2022-03-03 21:02:07,32.767,22.6367,55.27,65,60,6.42
190,Portland,US,2022-03-03 21:01:18,45.5234,-122.6762,52.81,79,75,5.75
191,Grand Gaube,MU,2022-03-03 21:02:08,-20.0064,57.6608,78.39,90,89,3.0
192,Vila Velha,BR,2022-03-03 20:57:31,-20.3297,-40.2925,85.95,81,20,17.27
193,Labuan,MY,2022-03-03 21:02:09,5.2767,115.2417,77.16,87,40,6.55
194,Meybod,IR,2022-03-03 21:02:09,32.2501,54.0166,62.62,19,100,5.28
195,Ales,FR,2022-03-03 21:02:10,44.1333,4.0833,50.7,77,24,2.86
196,Bogande,BF,2022-03-03 21:02:10,12.9714,-0.1436,88.41,15,43,9.1
197,Kaspiysk,RU,2022-03-03 21:02:11,42.8816,47.6392,46.58,87,98,18.01
198,Mundra,IN,2022-03-03 21:02:11,22.85,69.7333,73.71,43,0,10.94
199,Aasiaat,GL,2022-03-03 21:02:12,68.7098,-52.8699,8.58,92,100,1.43
200,Sola,VU,2022-03-03 21:02:12,-13.8833,167.55,82.09,73,73,10.63
201,Kamina,CD,2022-03-03 21:02:13,-8.7386,24.9906,63.9,94,37,0.83
202,Camp Verde,US,2022-03-03 21:02:13,34.5636,-111.8543,80.87,16,2,16.26
203,Biu,NG,2022-03-03 21:02:13,10.6129,12.1946,80.47,10,74,5.55
204,Ambilobe,MG,2022-03-03 21:02:14,-13.2,49.05,73.44,95,100,4.07
205,Baruun-Urt,MN,2022-03-03 21:02:14,46.6806,113.2792,8.26,73,100,8.97
206,Chardara,KZ,2022-03-03 21:02:15,41.2547,67.9692,55.45,46,49,10.0
207,Teknaf,BD,2022-03-03 21:02:15,20.8624,92.3058,68.59,42,1,10.78
208,Khatanga,RU,2022-03-03 21:02:15,71.9667,102.5,-29.02,100,96,1.63
209,Matadi,CD,2022-03-03 21:02:16,-5.8167,13.45,78.91,93,57,3.91
210,Chapais,CA,2022-03-03 21:02:16,49.7834,-74.8492,-1.23,81,100,10.38
211,Asau,RO,2022-03-03 21:02:17,46.4333,26.4,33.96,98,99,2.42
212,Luanda,AO,2022-03-03 21:02:17,-8.8368,13.2343,80.96,81,100,9.51
213,Kavieng,PG,2022-03-03 21:02:17,-2.5744,150.7967,81.72,80,94,6.87
214,Kashi,CN,2022-03-03 21:02:18,39.4547,75.9797,46.26,34,17,3.31
215,Ixtapa,MX,2022-03-03 21:00:31,20.7,-105.2,88.54,28,1,8.41
216,Pisco,PE,2022-03-03 21:02:18,-13.7,-76.2167,75.02,79,47,9.28
217,Seka,TH,2022-03-03 21:01:04,17.9285,103.9552,74.88,54,20,3.11
218,Los Llanos De Aridane,ES,2022-03-03 21:02:19,28.6585,-17.9182,62.35,78,75,16.11
219,Asyut,EG,2022-03-03 20:59:47,27.181,31.1837,55.58,36,100,8.84
220,Jalu,LY,2022-03-03 21:02:19,29.0331,21.5482,56.61,42,100,7.47
221,Singaraja,ID,2022-03-03 21:02:20,-8.112,115.0882,79.97,84,100,2.3
222,Nordfjordeid,NO,2022-03-03 21:02:20,61.9063,5.9915,40.95,60,0,2.3
223,Kavaratti,IN,2022-03-03 21:02:21,10.5669,72.642,81.73,67,16,12.08
224,Inhambane,MZ,2022-03-03 21:02:21,-23.865,35.3833,73.74,77,0,7.23
225,Lethem,GY,2022-03-03 21:02:21,3.3803,-59.7968,90.82,45,95,10.83
226,Narsaq,GL,2022-03-03 21:02:22,60.9167,-46.05,17.82,75,44,10.98
227,Atagay,RU,2022-03-03 21:02:22,55.1033,99.3875,19.45,90,100,12.39
228,Shaowu,CN,2022-03-03 21:02:23,27.3409,117.4831,62.29,98,100,2.51
229,Castro,BR,2022-03-03 21:02:23,-24.7911,-50.0119,69.69,88,91,2.35
230,Margate,GB,2022-03-03 21:02:23,51.3813,1.3862,49.3,82,99,7.4
231,Chabahar,IR,2022-03-03 21:02:24,25.2919,60.643,72.07,65,1,2.33
232,Verkhnyaya Inta,RU,2022-03-03 21:03:24,65.9811,60.3094,-21.06,100,64,5.66
233,Cidreira,BR,2022-03-03 21:03:25,-30.1811,-50.2056,78.13,77,0,9.37
234,Plainview,US,2022-03-03 20:58:40,40.7765,-73.4673,42.67,33,18,11.01
235,Henties Bay,NA,2022-03-03 21:03:25,-22.116,14.2845,61.86,82,2,8.86
236,Matamoros,MX,2022-03-03 21:03:13,25.5333,-103.25,81.14,24,42,3.06
237,Geraldton,AU,2022-03-03 21:03:26,-28.7667,114.6,55.81,76,0,10.36
238,Bambous Virieux,MU,2022-03-03 21:03:26,-20.3428,57.7575,78.22,87,34,10.65
239,Valdivia,CL,2022-03-03 21:03:19,-39.8142,-73.2459,61.14,92,100,4.72
240,Oranjestad,AW,2022-03-03 21:03:27,12.524,-70.027,78.66,83,9,17.69
241,Rio Gallegos,AR,2022-03-03 21:03:27,-51.6226,-69.2181,53.15,68,84,16.71
242,Katobu,ID,2022-03-03 21:03:27,-4.9408,122.5276,75.29,92,35,1.5
243,Tuapse,RU,2022-03-03 21:03:28,44.1125,39.0742,39.7,87,100,8.97
244,Khovu-Aksy,RU,2022-03-03 21:03:28,51.1333,93.6,0.45,86,84,5.46
245,Esperance,AU,2022-03-03 21:03:29,-33.8667,121.9,61.56,73,9,9.91
246,Santa Cruz,BO,2022-03-03 21:03:29,-17.8,-63.1667,89.33,48,53,11.03
247,Port Hedland,AU,2022-03-03 21:03:30,-20.3167,118.5667,82.45,74,40,13.8
248,Aykhal,RU,2022-03-03 21:03:30,66.0,111.5,-11.45,100,100,2.1
249,Clyde River,CA,2022-03-03 21:03:19,70.4692,-68.5914,1.65,80,100,13.94
250,Labuhan,ID,2022-03-03 21:03:31,-6.8844,112.2051,77.43,85,100,5.88
251,Kerrobert,CA,2022-03-03 21:03:31,51.9168,-109.1348,13.15,92,100,14.97
252,Opuwo,NA,2022-03-03 21:03:32,-18.0607,13.84,68.95,36,5,5.59
253,Isangel,VU,2022-03-03 21:03:32,-19.55,169.2667,82.11,79,62,6.78
254,Berlevag,NO,2022-03-03 21:03:12,70.8578,29.0864,28.35,74,40,20.71
255,Panzos,GT,2022-03-03 21:03:33,15.4,-89.6667,85.12,61,57,4.85
256,Mananjary,MG,2022-03-03 21:03:33,-21.2167,48.3333,76.82,84,100,2.3
257,Saint-Gabriel,CA,2022-03-03 21:03:34,46.3001,-73.3824,13.91,66,100,10.42
258,Presidencia Roque Saenz Pena,AR,2022-03-03 21:03:34,-26.7852,-60.4388,96.21,36,83,4.97
259,Kuryk,KZ,2022-03-03 21:03:34,43.2,51.65,59.29,46,67,29.08
260,Libertador General San Martin,AR,2022-03-03 21:03:35,-23.8064,-64.7876,91.98,50,71,4.68
261,Newport,GB,2022-03-03 21:01:14,51.5877,-2.9984,47.68,88,100,4.0
262,Niquelandia,BR,2022-03-03 21:02:41,-14.4739,-48.4597,73.8,83,96,0.81
263,Cascais,PT,2022-03-03 21:01:36,38.6979,-9.4215,54.0,68,20,32.01
264,Saint-Pierre,RE,2022-03-03 21:03:36,-21.3393,55.4781,78.48,89,40,2.3
265,Ponta Do Sol,PT,2022-03-03 21:03:36,32.6667,-17.1,62.01,57,92,9.57
266,Ghatsila,IN,2022-03-03 21:03:37,22.6,86.4833,69.4,28,0,2.04
267,New Norfolk,AU,2022-03-03 21:03:37,-42.7826,147.0587,62.1,78,100,2.51
268,Cherskiy,RU,2022-03-03 21:03:37,68.75,161.3,-28.3,100,65,3.22
269,Port-Gentil,GA,2022-03-03 21:03:38,-0.7193,8.7815,79.77,74,65,4.76
270,Marawi,PH,2022-03-03 21:03:38,7.9986,124.2928,64.65,92,88,1.61
271,Longyearbyen,SJ,2022-03-03 21:02:43,78.2186,15.6401,8.44,85,100,8.05
272,Dunedin,NZ,2022-03-03 21:03:39,-45.8742,170.5036,64.8,75,100,1.7
273,Mut,TR,2022-03-03 21:03:39,36.6439,33.4389,35.82,72,5,12.44
274,Richards Bay,ZA,2022-03-03 21:03:40,-28.783,32.0377,74.12,79,5,11.7
275,Alice Springs,AU,2022-03-03 21:02:36,-23.7,133.8833,74.75,41,15,5.75
276,Yar-Sale,RU,2022-03-03 21:03:40,66.8333,70.8333,-14.44,95,94,14.94
277,Rorvik,NO,2022-03-03 21:03:41,64.8621,11.2373,30.31,86,0,3.44
278,Turukhansk,RU,2022-03-03 21:04:41,65.8167,87.9833,-4.94,96,95,8.72
279,At-Bashi,KG,2022-03-03 21:04:41,41.1702,75.8106,9.48,62,52,2.26
280,Hithadhoo,MV,2022-03-03 21:04:42,-0.6,73.0833,82.33,71,3,7.45
281,Paamiut,GL,2022-03-03 21:04:42,61.994,-49.6678,9.34,77,45,10.83
282,Caraballeda,VE,2022-03-03 21:04:43,10.6112,-66.8522,84.27,74,20,2.3
283,Rivers,CA,2022-03-03 21:04:43,50.0308,-100.2403,9.43,69,99,1.21
284,Dali,CN,2022-03-03 21:04:44,25.7,100.1833,42.98,52,7,4.76
285,Broome,US,2022-03-03 21:04:44,42.2506,-75.833,28.0,46,0,13.8
286,Tateyama,JP,2022-03-03 21:04:44,34.9833,139.8667,44.1,50,100,8.5
287,Caravelas,BR,2022-03-03 21:04:45,-17.7125,-39.2481,79.5,82,6,6.08
288,Faya,SA,2022-03-03 21:04:45,18.3851,42.4509,57.72,57,0,3.11
289,Nemuro,JP,2022-03-03 21:04:45,43.3236,145.575,22.15,81,5,11.23
290,Tuktoyaktuk,CA,2022-03-03 21:03:19,69.4541,-133.0374,1.08,93,77,6.44
291,Ukiah,US,2022-03-03 21:04:46,39.1502,-123.2078,58.1,84,75,5.75
292,Tapejara,BR,2022-03-03 21:04:46,-28.0681,-52.0139,80.53,62,24,3.69
293,Sarrebourg,FR,2022-03-03 21:04:47,48.7333,7.05,39.79,61,0,7.0
294,Guerande,FR,2022-03-03 21:04:47,47.3291,-2.4283,47.75,89,100,15.17
295,Porto Novo,BJ,2022-03-03 21:04:47,6.4965,2.6036,81.61,79,100,6.15
296,Cairns,AU,2022-03-03 21:04:48,-16.9167,145.7667,81.07,96,99,2.3
297,Marsh Harbour,BS,2022-03-03 21:04:48,26.5412,-77.0636,73.49,59,43,11.12
298,Mount Isa,AU,2022-03-03 21:01:11,-20.7333,139.5,74.97,33,13,1.14
299,Tam Ky,VN,2022-03-03 21:04:49,15.5667,108.4833,69.78,92,4,3.38
300,Uchiza,PE,2022-03-03 21:04:49,-8.4592,-76.4633,78.12,76,100,2.84
301,Moron,AR,2022-03-03 21:02:12,-34.6534,-58.6198,82.94,66,56,8.32
302,Okhotsk,RU,2022-03-03 21:04:50,59.3833,143.3,12.06,82,100,10.96
303,Aden,YE,2022-03-03 21:04:50,12.7794,45.0367,78.26,68,1,16.78
304,Yermish,RU,2022-03-03 21:04:51,54.7678,42.2711,29.64,99,100,2.95
305,Pozo Colorado,PY,2022-03-03 21:04:51,-23.4923,-58.7972,92.41,46,77,8.23
306,Znamenskoye,RU,2022-03-03 21:04:52,57.1281,73.8282,17.02,97,100,5.19
307,Nome,US,2022-03-03 21:04:52,64.5011,-165.4064,26.67,80,100,10.36
308,Touros,BR,2022-03-03 21:04:53,-5.1989,-35.4608,83.3,74,40,11.5
309,Aswan,EG,2022-03-03 21:04:53,24.0934,32.907,63.72,23,21,19.04
310,Talcahuano,CL,2022-03-03 21:00:17,-36.7167,-73.1167,67.68,68,20,12.66
311,Velykoploske,UA,2022-03-03 21:04:53,47.0125,29.6717,35.53,90,92,7.78
312,Scottsdale,US,2022-03-03 21:04:54,33.5092,-111.899,88.09,14,0,11.5
313,Alamosa,US,2022-03-03 21:04:54,37.4695,-105.87,57.18,10,0,0.0
314,Ridgecrest,US,2022-03-03 21:00:14,35.6225,-117.6709,76.68,7,98,14.0
315,Pichayevo,RU,2022-03-03 21:04:55,53.2363,42.2032,30.27,98,100,7.52
316,Laguna,US,2022-03-03 21:04:55,38.421,-121.4238,70.65,54,0,6.91
317,Kalisz,PL,2022-03-03 21:04:56,51.7611,18.091,31.71,84,9,6.8
318,Novikovo,RU,2022-03-03 21:04:56,51.1537,37.8879,31.82,98,100,13.71
319,Choix,MX,2022-03-03 21:04:56,26.7092,-108.3219,90.73,10,94,8.99
320,Shakawe,BW,2022-03-03 21:02:18,-18.3667,21.85,73.26,61,74,2.82
321,Olga,RU,2022-03-03 21:04:57,43.7444,135.2892,19.72,73,5,3.83
322,Jarva-Jaani,EE,2022-03-03 21:04:57,59.0386,25.8864,29.7,94,100,7.16
323,Constitucion,CL,2022-03-03 21:04:58,-35.3333,-72.4167,66.38,77,6,14.07
324,Sao Joao Da Barra,BR,2022-03-03 21:04:58,-21.6403,-41.0511,84.29,86,0,13.4
325,Laizhou,CN,2022-03-03 21:05:59,37.1717,119.9214,45.99,45,67,12.08
326,Maua,BR,2022-03-03 21:02:56,-23.6678,-46.4614,76.08,82,95,5.35
327,Khomutovo,RU,2022-03-03 21:05:59,52.4658,104.4025,2.01,95,100,3.53
328,Uige,AO,2022-03-03 21:05:59,-7.6087,15.0613,67.08,99,75,4.59
329,Grand-Santi,GF,2022-03-03 21:06:00,4.25,-54.3833,78.93,92,83,2.98
330,Nizhniy Kuranakh,RU,2022-03-03 21:06:00,58.8353,125.4869,5.05,98,100,3.22
331,Ntoum,GA,2022-03-03 21:06:01,0.3833,9.7833,77.18,92,100,2.48
332,Brae,GB,2022-03-03 21:06:01,60.3964,-1.353,44.51,91,100,18.86
333,Kidal,ML,2022-03-03 21:06:02,18.4411,1.4078,82.89,15,100,13.09
334,Santa Rosa,PH,2022-03-03 21:06:02,14.3122,121.1114,78.03,75,87,8.08
335,Veraval,IN,2022-03-03 21:06:02,20.9,70.3667,75.9,37,0,11.68
336,Boca Do Acre,BR,2022-03-03 21:06:03,-8.7522,-67.3978,84.36,70,82,2.84
337,Griffith,US,2022-03-03 21:06:03,41.5284,-87.4237,36.12,70,75,9.22
338,Puerto Ayacucho,VE,2022-03-03 21:06:03,5.6639,-67.6236,81.84,69,96,3.49
339,Ierapetra,GR,2022-03-03 21:06:04,35.01,25.7353,49.14,69,15,1.99
340,Scarborough,GB,2022-03-03 21:03:51,54.2797,-0.4044,46.08,85,100,11.01
341,Januaria,BR,2022-03-03 21:06:04,-15.4833,-44.3667,79.11,63,99,7.74
342,Klaksvik,FO,2022-03-03 21:06:05,62.2266,-6.589,40.12,74,100,21.59
343,Onega,RU,2022-03-03 21:06:05,63.9061,38.1404,25.7,97,94,6.2
344,Wiener Neustadt,AT,2022-03-03 21:06:06,47.8,16.25,36.05,51,87,2.75
345,Fuling,CN,2022-03-03 21:05:18,29.7022,107.3919,51.15,88,2,2.37
346,Qaqortoq,GL,2022-03-03 21:06:06,60.7167,-46.0333,18.1,75,68,11.7
347,Zaysan,KZ,2022-03-03 21:06:06,47.4667,84.8667,10.38,76,30,4.76
348,Dombarovskiy,RU,2022-03-03 21:06:07,50.7587,59.5386,8.17,91,22,7.02
349,Changchun,CN,2022-03-03 21:06:07,43.88,125.3228,31.46,42,1,15.97
350,Cedar City,US,2022-03-03 21:06:08,37.6775,-113.0619,63.59,22,0,17.27
351,Borogontsy,RU,2022-03-03 21:06:08,62.6683,131.1683,-8.57,97,100,4.05
352,Yellowknife,CA,2022-03-03 21:04:04,62.456,-114.3525,8.29,55,84,11.01
353,Portel,BR,2022-03-03 21:06:09,-1.9356,-50.8211,79.47,85,42,4.25
354,Sistranda,NO,2022-03-03 21:06:09,63.7256,8.834,36.9,74,5,9.51
355,Ambunti,PG,2022-03-03 21:06:09,-4.2365,142.8448,73.56,99,100,2.3
356,Atherton,GB,2022-03-03 21:06:10,53.5237,-2.4935,46.36,92,100,10.0
357,Arlit,NE,2022-03-03 21:06:10,18.7369,7.3853,79.43,8,34,6.26
358,Manzhouli,CN,2022-03-03 21:06:10,49.6,117.4333,10.45,86,100,25.28
359,Nuqui,CO,2022-03-03 21:06:11,5.7125,-77.2708,80.33,82,90,6.49
360,Havoysund,NO,2022-03-03 21:06:11,70.9963,24.6622,28.63,76,100,26.24
361,Sagua La Grande,CU,2022-03-03 21:06:07,22.8067,-80.0756,81.59,48,21,13.65
362,Maceio,BR,2022-03-03 21:04:28,-9.6658,-35.7353,80.04,83,75,10.36
363,Hasaki,JP,2022-03-03 21:06:12,35.7333,140.8333,39.6,51,90,19.75
364,Mayumba,GA,2022-03-03 21:06:12,-3.432,10.6554,79.9,90,75,3.98
365,Balakhninskiy,RU,2022-03-03 21:06:13,58.0106,114.2769,4.91,91,100,6.76
366,Port Lincoln,AU,2022-03-03 21:04:04,-34.7333,135.8667,64.47,83,100,8.46
367,Biak,ID,2022-03-03 21:06:13,-0.9131,122.8766,77.09,81,98,1.48
368,Quesnel,CA,2022-03-03 21:07:14,52.9999,-122.5029,38.57,83,100,3.2
369,Fairbanks,US,2022-03-03 21:07:14,64.8378,-147.7164,30.81,67,75,0.0
370,Dingle,PH,2022-03-03 21:07:15,10.9995,122.6711,73.98,93,95,8.75
371,Mana,GF,2022-03-03 21:07:15,5.6592,-53.7767,77.79,89,80,10.69
372,Jiujiang,CN,2022-03-03 21:07:15,29.7333,115.9833,58.17,94,72,2.73
373,Cayenne,GF,2022-03-03 21:07:16,4.9333,-52.3333,81.09,83,100,8.05
374,Naranjal,EC,2022-03-03 21:07:16,-2.6667,-79.6167,86.52,84,98,4.23
375,Buala,SB,2022-03-03 21:07:17,-8.145,159.5921,82.2,79,100,5.41
376,Talara,PE,2022-03-03 21:07:17,-4.5772,-81.2719,84.96,54,0,11.5
377,Saldanha,ZA,2022-03-03 21:07:18,-33.0117,17.9442,64.42,82,93,14.58
378,Puerto Escondido,MX,2022-03-03 21:07:18,15.85,-97.0667,86.14,53,0,8.61
379,Northam,GB,2022-03-03 21:07:18,51.0333,-4.2167,45.39,89,100,11.81
380,Kilindoni,TZ,2022-03-03 21:07:19,-7.9139,39.6668,81.72,76,85,13.15
381,Myitkyina,MM,2022-03-03 21:07:19,25.3833,97.4,59.27,49,0,2.57
382,Miranda De Ebro,ES,2022-03-03 21:07:19,42.6865,-2.947,44.94,95,100,8.41
383,Senanga,ZM,2022-03-03 21:07:20,-16.1167,23.2667,74.41,66,84,1.77
384,Bat Khela,PK,2022-03-03 21:07:20,34.6167,71.9714,51.53,75,93,3.94
385,George Town,MY,2022-03-03 21:03:15,5.4112,100.3354,80.53,89,20,0.0
386,Kargasok,RU,2022-03-03 21:07:21,59.0556,80.8572,24.01,93,100,11.92
387,Taoudenni,ML,2022-03-03 21:07:21,22.6783,-3.9836,66.9,12,0,11.5
388,Severo-Kurilsk,RU,2022-03-03 21:07:21,50.6789,156.125,22.24,70,99,22.26
389,Diffa,NE,2022-03-03 21:07:22,13.3154,12.6113,78.89,6,17,5.01
390,Pangai,TO,2022-03-03 21:07:22,-19.8,-174.35,82.44,76,96,13.65
391,Milazzo,IT,2022-03-03 21:07:23,38.2212,15.2383,52.27,73,100,5.01
392,Tra Vinh,VN,2022-03-03 21:07:23,9.9347,106.3453,78.48,76,36,10.63
393,Palaikastron,GR,2022-03-03 21:07:23,35.2,26.25,48.74,62,11,6.53
394,Katherine,AU,2022-03-03 21:07:24,-14.4667,132.2667,80.92,89,40,4.61
395,Awjilah,LY,2022-03-03 21:07:24,29.1081,21.2869,56.55,43,100,7.67
396,Luena,AO,2022-03-03 21:07:25,-11.7833,19.9167,60.71,94,77,4.14
397,Progreso,MX,2022-03-03 21:07:25,21.2833,-89.6667,86.11,57,0,11.99
398,Tvoroyri,FO,2022-03-03 21:07:26,61.5556,-6.8111,40.39,75,100,21.61
399,Kibara,TZ,2022-03-03 21:07:26,-2.15,33.45,72.54,70,23,1.41
400,Aitape,PG,2022-03-03 21:07:27,-3.1374,142.3475,77.59,86,100,3.89
401,Baghmara,IN,2022-03-03 21:07:27,23.795,86.2085,68.16,24,1,3.33
402,Aljezur,PT,2022-03-03 21:07:27,37.3191,-8.8033,53.83,69,1,21.63
403,Tiksi,RU,2022-03-03 21:07:28,71.6872,128.8694,-16.01,99,100,2.44
404,Timmins,CA,2022-03-03 21:03:22,48.4669,-81.3331,10.35,76,100,8.88
405,Abha,SA,2022-03-03 21:05:10,18.2164,42.5053,57.45,55,0,4.61
406,Ayan,RU,2022-03-03 21:07:28,56.45,138.1667,-1.84,82,11,7.65
407,Kletskaya,RU,2022-03-03 21:07:29,49.3145,43.0584,37.08,95,100,14.2
408,Hovd,MN,2022-03-03 21:07:29,48.0056,91.6419,2.23,67,9,6.33
409,Alta Floresta,BR,2022-03-03 21:07:30,-9.8756,-56.0861,77.65,86,90,3.94
410,Tulagi,SB,2022-03-03 21:07:30,-9.0996,160.1476,83.28,74,100,8.55
411,Atar,MR,2022-03-03 21:07:30,20.5169,-13.0499,72.3,14,0,10.71
412,Aracati,BR,2022-03-03 21:08:31,-4.5617,-37.7697,81.57,70,10,10.51
413,Coihaique,CL,2022-03-03 21:05:16,-45.5752,-72.0662,56.01,47,40,12.66
414,Rio Grande,BR,2022-03-03 21:08:31,-32.035,-52.0986,82.51,70,0,12.93
415,Bansi,IN,2022-03-03 21:08:31,27.1833,82.9333,61.3,46,0,8.43
416,Trinidad,BO,2022-03-03 21:08:32,-14.8333,-64.9,78.78,94,75,9.22
417,Ekibastuz,KZ,2022-03-03 21:08:32,51.6667,75.3667,13.98,82,85,8.9
418,Colombo,LK,2022-03-03 21:05:37,6.9319,79.8478,78.75,77,100,11.68
419,Port Hardy,CA,2022-03-03 21:08:33,50.6996,-127.4199,45.75,81,75,9.22
420,Vila Franca Do Campo,PT,2022-03-03 21:08:33,37.7167,-25.4333,61.2,78,100,5.55
421,Adrar,MR,2022-03-03 21:08:33,20.5022,-10.0711,66.52,11,0,11.36
422,Bac Lieu,VN,2022-03-03 21:08:34,9.285,105.7244,78.78,80,79,13.44
423,Port Blair,IN,2022-03-03 21:08:34,11.6667,92.75,80.64,89,40,2.3
424,Kiunga,PG,2022-03-03 21:08:35,-6.1219,141.2906,72.39,99,100,4.45
425,Padang,ID,2022-03-03 21:08:35,-0.9492,100.3543,76.77,87,100,3.18
426,Talnakh,RU,2022-03-03 21:08:35,69.4865,88.3972,-15.86,97,94,6.17
427,Haines Junction,CA,2022-03-03 21:08:36,60.7522,-137.5108,16.66,92,100,0.45
428,Alofi,NU,2022-03-03 21:08:36,-19.0595,-169.9187,85.89,74,40,11.5
429,Gat,IL,2022-03-03 21:06:05,31.61,34.7642,56.08,100,49,13.2
430,Konyshevka,RU,2022-03-03 21:08:37,51.8418,35.2941,31.71,94,100,7.87
431,Quzhou,CN,2022-03-03 21:08:37,28.9594,118.8686,58.39,96,96,2.89
432,Bergen,NO,2022-03-03 21:08:38,60.392,5.328,39.87,52,0,9.22
433,Lanigan,CA,2022-03-03 21:08:38,51.8501,-105.0344,10.31,75,100,8.21
434,El Tigre,VE,2022-03-03 21:08:38,8.8875,-64.2454,93.38,30,66,8.77
435,Raudeberg,NO,2022-03-03 21:08:39,61.9875,5.1352,41.67,68,2,10.89
436,Kloulklubed,PW,2022-03-03 21:08:39,7.0419,134.2556,82.17,72,100,10.31
437,Cockburn Town,TC,2022-03-03 21:08:40,21.4612,-71.1419,78.24,76,4,12.41
438,Cilegon,ID,2022-03-03 21:08:40,-6.0174,106.0538,75.09,85,100,8.21
439,Bathsheba,BB,2022-03-03 21:08:40,13.2167,-59.5167,81.21,69,40,23.02
440,Hobyo,SO,2022-03-03 21:08:41,5.3505,48.5268,77.5,67,100,18.81
441,Kars,TR,2022-03-03 21:08:41,40.602,43.095,41.85,100,75,12.66
442,Pangnirtung,CA,2022-03-03 21:08:42,66.1451,-65.7125,7.09,97,100,2.71
443,Kamaishi,JP,2022-03-03 21:08:42,39.2667,141.8833,30.38,68,8,5.44
444,Neuquen,AR,2022-03-03 21:08:42,-38.9516,-68.0591,89.49,20,20,9.22
445,Kemi,FI,2022-03-03 21:08:43,65.8596,24.8228,11.97,85,0,1.14
446,Tondano,ID,2022-03-03 21:08:43,1.3038,124.9112,68.09,94,99,0.83
447,Ambon,ID,2022-03-03 21:08:43,-3.6954,128.1814,77.14,94,40,5.75
448,Nesterov,RU,2022-03-03 21:08:44,54.6306,22.5714,33.58,90,100,3.98
449,Marzuq,YE,2022-03-03 21:08:44,14.4,46.4667,63.45,57,0,5.46
450,Aripuana,BR,2022-03-03 21:08:45,-9.1667,-60.6333,78.64,90,100,1.66
451,Kathmandu,NP,2022-03-03 21:07:07,27.7167,85.3167,52.02,93,40,3.44
452,Saint-Augustin,CA,2022-03-03 21:08:45,51.226,-58.6502,15.93,82,96,12.06
453,San Patricio,US,2022-03-03 21:08:45,28.017,-97.5169,79.21,71,100,10.07
454,Mount Gambier,AU,2022-03-03 21:04:35,-37.8333,140.7667,72.64,55,100,4.18
455,Andenes,NO,2022-03-03 21:08:46,69.3143,16.1194,31.98,64,75,11.5
456,Sturgis,US,2022-03-03 21:08:46,41.7992,-85.4192,34.9,47,0,6.91
457,Jawhar,SO,2022-03-03 21:08:47,2.7809,45.5005,75.88,74,100,17.18
458,Kanniyakumari,IN,2022-03-03 21:08:47,8.0833,77.5667,79.21,65,100,10.25
459,Saurimo,AO,2022-03-03 21:08:47,-9.6608,20.3916,64.8,96,45,2.68
460,Vieksniai,LT,2022-03-03 21:09:48,56.2333,22.5167,34.57,94,100,7.52
461,Ust-Ilimsk,RU,2022-03-03 21:09:48,58.0006,102.6619,4.14,99,100,2.86
462,Seydi,TM,2022-03-03 21:09:49,39.4816,62.9137,58.08,45,28,11.05
463,Boa Vista,BR,2022-03-03 21:09:49,2.8197,-60.6733,87.78,51,75,5.75
464,Shuya,RU,2022-03-03 21:09:50,56.8487,41.3883,29.61,85,77,3.71
465,Natal,BR,2022-03-03 21:09:50,-5.795,-35.2094,83.05,78,20,11.5
466,Glens Falls,US,2022-03-03 21:07:47,43.3095,-73.644,29.17,39,75,13.8
467,Mahon,ES,2022-03-03 21:09:51,39.8885,4.2658,48.76,93,0,4.61
468,Cedartown,US,2022-03-03 21:09:51,34.0537,-85.255,79.57,25,0,6.26
469,Grindavik,IS,2022-03-03 21:09:51,63.8424,-22.4338,34.27,86,40,4.61
470,Santa Maria La Alta,MX,2022-03-03 21:09:52,18.6,-97.6667,76.46,17,0,10.25
471,Curumani,CO,2022-03-03 21:09:52,9.1999,-73.5427,94.08,42,76,3.51
472,Charlottetown,CA,2022-03-03 21:05:36,46.2352,-63.1267,18.77,81,100,15.01
473,The Valley,AI,2022-03-03 21:09:53,18.217,-63.0578,79.83,79,7,16.71
474,Tiznit,MA,2022-03-03 21:09:53,29.5833,-9.5,53.08,85,43,4.74
475,Praxedis Guerrero,MX,2022-03-03 21:09:54,31.3667,-106.0167,77.41,15,100,8.86
476,Okato,NZ,2022-03-03 21:09:54,-39.2,173.8833,66.9,73,99,3.27
477,Dryden,CA,2022-03-03 21:07:29,49.7833,-92.7503,12.49,40,0,12.66
478,Salinopolis,BR,2022-03-03 21:09:54,-0.6136,-47.3561,80.2,83,99,10.02
479,Karasjok,NO,2022-03-03 21:09:55,69.4719,25.5112,24.91,90,81,8.9
480,San-Pedro,CI,2022-03-03 21:09:55,4.7485,-6.6363,78.85,81,43,6.49
481,Chifeng,CN,2022-03-03 21:09:56,42.2683,118.9636,33.4,43,8,14.05
482,Colac,AU,2022-03-03 21:09:56,-38.3333,143.5833,67.84,87,100,2.86
483,Tual,ID,2022-03-03 21:09:56,-5.6667,132.75,83.43,73,99,10.74
484,Mazabuka,ZM,2022-03-03 21:09:57,-15.856,27.748,65.71,93,68,4.38
485,Centralia,US,2022-03-03 21:09:57,46.7162,-122.9543,50.38,76,75,10.36
486,Auki,SB,2022-03-03 21:09:58,-8.7676,160.7034,79.61,85,100,3.42
487,La Tuque,CA,2022-03-03 21:09:58,47.4334,-72.7824,4.28,80,100,10.76
488,Lonavale,IN,2022-03-03 21:09:58,18.75,73.4167,75.24,28,58,3.4
489,Barra Patuca,HN,2022-03-03 21:09:59,15.8,-84.2833,79.02,63,9,10.38
490,Kahului,US,2022-03-03 21:09:59,20.8947,-156.47,83.46,67,40,9.22
491,Garissa,KE,2022-03-03 21:10:00,-0.4536,39.6401,81.93,58,58,15.05
492,Papara,BR,2022-03-03 21:10:00,-3.9839,-38.7273,81.68,79,40,3.94
493,Mantua,IT,2022-03-03 21:10:01,45.1667,10.7833,47.75,74,1,1.99
494,Adre,TD,2022-03-03 21:10:01,13.4667,22.2,81.25,10,98,12.68
495,Spearfish,US,2022-03-03 21:10:02,44.4908,-103.8594,65.26,54,0,8.05
496,Shimoda,JP,2022-03-03 21:10:02,34.6667,138.95,40.1,65,70,8.21
497,Lastoursville,GA,2022-03-03 21:10:03,-0.8143,12.7287,72.72,94,100,3.78
498,Santa Vitoria Do Palmar,BR,2022-03-03 21:05:43,-33.5189,-53.3681,72.1,62,2,11.23
499,Airai,TL,2022-03-03 21:10:04,-8.9266,125.4092,60.44,92,54,0.36
500,Ayolas,PY,2022-03-03 21:10:05,-27.4,-56.9,93.22,44,38,4.21
501,Hit,IQ,2022-03-03 21:10:05,33.6416,42.8251,59.67,27,0,13.09
502,Nucsoara,RO,2022-03-03 21:10:06,45.3333,24.7833,34.56,86,85,4.36
503,Sorland,NO,2022-03-03 21:10:06,67.667,12.6934,33.87,68,96,6.67
504,Bereda,ES,2022-03-03 21:10:07,43.2686,-7.5406,45.91,100,62,5.93
505,Lulea,SE,2022-03-03 21:11:07,65.5842,22.1547,23.07,74,0,5.75
506,Mosalsk,RU,2022-03-03 21:11:07,54.4881,34.9817,26.83,87,99,6.04
507,Ust-Tsilma,RU,2022-03-03 21:11:08,65.441,52.1498,1.62,95,96,4.65
508,Gamba,GA,2022-03-03 21:11:08,-2.65,10.0,79.63,87,74,5.3
509,Tanggu,CN,2022-03-03 21:11:09,39.0211,117.6469,31.96,49,2,4.61
510,Yamada,JP,2022-03-03 21:11:09,39.4667,141.95,28.49,72,34,4.36
511,Carutapera,BR,2022-03-03 21:11:09,-1.195,-46.02,77.63,91,100,6.35
512,Dicabisagan,PH,2022-03-03 21:11:10,17.0818,122.4157,74.12,85,99,3.89
513,Port-Cartier,CA,2022-03-03 21:11:10,50.0334,-66.8654,6.75,73,100,12.01
514,Hylkje,NO,2022-03-03 21:11:10,60.5103,5.3544,39.74,71,1,5.91
515,Mogadishu,SO,2022-03-03 21:11:11,2.0371,45.3438,78.33,82,80,22.21
516,Copiapo,CL,2022-03-03 21:11:11,-27.3667,-70.3333,73.09,35,2,9.33
517,Eufaula,US,2022-03-03 21:11:12,31.8913,-85.1455,82.44,19,0,4.61
518,Shelburne,CA,2022-03-03 21:11:12,44.0787,-80.2041,19.67,52,80,13.06
519,Nantucket,US,2022-03-03 21:06:31,41.2835,-70.0995,41.02,66,15,22.3
520,Cortez,US,2022-03-03 21:06:52,37.3489,-108.5859,68.76,16,0,9.22
521,Balugaon,IN,2022-03-03 21:11:13,20.1667,85.1,70.99,67,73,1.83
522,Waingapu,ID,2022-03-03 21:11:13,-9.6567,120.2641,78.42,88,52,5.48
523,Finschhafen,PG,2022-03-03 21:11:13,-6.6024,147.8681,79.95,79,91,2.73
524,Blacksburg,US,2022-03-03 21:11:01,37.2296,-80.4139,68.0,34,75,13.8
525,Vuktyl,RU,2022-03-03 21:11:14,63.8567,57.3094,2.82,99,83,4.72
526,Naryan-Mar,RU,2022-03-03 21:09:38,67.6713,53.087,-17.28,100,71,5.48
527,Changde,CN,2022-03-03 21:11:14,29.0464,111.6783,54.12,86,85,2.64
528,Fort Nelson,CA,2022-03-03 21:07:18,58.8053,-122.7002,15.39,86,75,0.0
529,Batagay-Alyta,RU,2022-03-03 21:11:15,67.8006,130.4114,-11.45,91,100,1.74
530,Isiolo,KE,2022-03-03 21:11:15,0.3546,37.5822,71.33,49,11,6.4
531,Yerbogachen,RU,2022-03-03 21:11:16,61.2767,108.0108,4.03,94,100,8.72
532,Maebaru,JP,2022-03-03 21:11:16,33.55,130.2,43.72,69,59,5.61
533,Moroni,KM,2022-03-03 21:11:17,-11.7022,43.2551,78.17,87,100,14.18
534,Port Macquarie,AU,2022-03-03 21:11:17,-31.4333,152.9167,71.89,93,95,5.53
535,Orshanka,RU,2022-03-03 21:11:17,56.9161,47.8933,8.56,99,79,3.06
536,Dickinson,US,2022-03-03 21:07:19,29.4608,-95.0513,79.11,70,100,10.36
537,Andilamena,MG,2022-03-03 21:11:18,-17.0167,48.5833,65.61,99,98,2.89
538,Zunyi,CN,2022-03-03 21:11:18,27.6867,106.9072,52.25,90,100,1.34
539,Yarada,IN,2022-03-03 21:11:19,17.65,83.2667,70.12,100,20,2.3
540,Mpika,ZM,2022-03-03 21:11:19,-11.8343,31.4529,63.16,94,100,1.83
541,Tolaga Bay,NZ,2022-03-03 21:11:19,-38.3667,178.3,62.55,65,59,1.95
542,Marrakesh,MA,2022-03-03 21:09:35,31.6315,-8.0083,60.87,55,40,6.91
543,Porto Velho,BR,2022-03-03 21:11:20,-8.7619,-63.9039,78.85,89,40,2.3
544,La Rioja,ES,2022-03-03 21:06:52,42.25,-2.5,39.31,99,100,3.91
545,Aragats,AM,2022-03-03 21:11:21,40.4889,44.3528,42.37,98,100,9.26
